{"months": ["Junho", "Julho", "Agosto"], "categories": ["beleza_saude", "cama_mesa_banho", "utilidades_domesticas", "relogios_presentes", "moveis_decoracao", "esporte_lazer", "informatica_acessorios", "automotivo", "telefonia", "bebes"], "volumes": {"beleza_saude": [799, 713, 778], "cama_mesa_banho": [657, 518, 558], "utilidades_domesticas": [470, 474, 562], "relogios_presentes": [448, 514, 392], "moveis_decoracao": [318, 347, 344], "esporte_lazer": [377, 418, 436], "informatica_acessorios": [358, 389, 384], "automotivo": [272, 327, 352], "telefonia": [205, 206, 246], "bebes": [207, 210, 206]}, "revenues": {"beleza_saude": [144976.71, 146949.42, 159684.14], "cama_mesa_banho": [117672.61, 97994.39, 100171.92], "utilidades_domesticas": [95961.98, 122618.66, 88010.84], "relogios_presentes": [107896.58, 110321.75, 85215.66], "moveis_decoracao": [74776.26, 87545.6, 82187.64], "esporte_lazer": [69681.58, 81869.56, 66243.44], "informatica_acessorios": [70045.31, 62497.9, 59770.25], "automotivo": [60186.98, 55589.75, 59880.590000000004], "telefonia": [31736.25, 35434.45, 68240.47], "bebes": [42790.27, 29139.03, 29699.7]}, "tickets": {"beleza_saude": [181.44769712140175, 206.10016830294532, 205.24953727506428], "cama_mesa_banho": [179.10595129375952, 189.17835907335908, 179.51956989247313], "utilidades_domesticas": [204.1744255319149, 258.68915611814344, 156.60291814946618], "relogios_presentes": [240.84058035714287, 214.63375486381324, 217.38688775510204], "moveis_decoracao": [235.1454716981132, 252.29279538904902, 238.9175581395349], "esporte_lazer": [184.8317771883289, 195.8601913875598, 151.93449541284403], "informatica_acessorios": [195.6572905027933, 160.6629820051414, 155.65169270833334], "automotivo": [221.2756617647059, 169.99923547400613, 170.11531250000002], "telefonia": [154.8109756097561, 172.0118932038835, 277.4002845528455], "bebes": [206.7162801932367, 138.7572857142857, 144.17330097087378]}}